ETS-ID,Year,City,Name,Fueltype,Generation elec. [MWh_el],Generation heat [MWh_th],Capacity factor,Emissions (total) [t],Emissions (elec.) [t],Emissions (heat) [t],Emission factor [t/MWh_el],Utilization ratio [MWh_el/MWh/th]
1399,2016,Bergkamen,Bergkamen,hard coal,2796586.000,,0.445,2823880.000,,,,
1399,2017,Bergkamen,Bergkamen,hard coal,1796371.000,,0.286,1639651.000,,,,
1399,2018,Bergkamen,Bergkamen,hard coal,1741338.000,,0.277,1586512.000,,,,
1399,2019,Bergkamen,Bergkamen,hard coal,740499.000,,0.118,704134.000,,,,
1399,2020,Bergkamen,Bergkamen,hard coal,374569.000,,0.060,348234.000,,,,
1399,2021,Bergkamen,Bergkamen,hard coal,914717.000,,0.146,849908.000,,,,
1399,2022,Bergkamen,Bergkamen,hard coal,2025901.000,,0.323,1989681.000,,,,
1453,2016,Boxberg,Boxberg,lignite,7557272.000,61046.575,0.863,8874695.000,8861003.474,13691.526,1.173,0.339
1453,2017,Boxberg,Boxberg,lignite,7205024.000,58515.792,0.822,8552606.000,8539482.078,13123.922,1.185,0.336
1453,2018,Boxberg,Boxberg,lignite,7434665.000,58518.745,0.849,8791054.000,8777929.416,13124.584,1.181,0.337
1453,2019,Boxberg,Boxberg,lignite,6437597.000,58514.654,0.735,7606935.000,7593811.333,13123.667,1.180,0.337
1453,2020,Boxberg,Boxberg,lignite,5606519.000,58514.807,0.640,6648578.000,6635454.299,13123.701,1.184,0.336
1453,2021,Boxberg,Boxberg,lignite,5855265.000,156287.963,0.668,6974582.000,6939529.736,35052.264,1.185,0.336
1453,2022,Boxberg,Boxberg,lignite,6808790.000,228650.610,0.777,7996566.000,7945284.241,51281.759,1.167,0.341
1454,2016,Boxberg,Boxberg,lignite,9385293.000,0.000,0.729,9696702.000,9696702.000,0.000,1.033,0.385
1454,2017,Boxberg,Boxberg,lignite,10228126.000,34181.569,0.794,10583101.000,10575434.758,7666.242,1.034,0.385
1454,2018,Boxberg,Boxberg,lignite,9852533.000,34186.572,0.765,10209765.000,10202097.636,7667.364,1.035,0.384
1454,2019,Boxberg,Boxberg,lignite,10530045.000,34179.637,0.818,11046608.000,11038942.191,7665.809,1.048,0.380
1454,2020,Boxberg,Boxberg,lignite,8223451.000,17100.984,0.639,8736511.000,8732675.591,3835.409,1.062,0.375
1454,2021,Boxberg,Boxberg,lignite,8302378.000,10409.570,0.645,8559191.000,8556856.342,2334.658,1.031,0.386
1454,2022,Boxberg,Boxberg,lignite,10568909.000,15249.045,0.821,11131400.000,11127979.944,3420.056,1.053,0.378
1460,2016,Boehlen,Lippendorf,lignite,11456750.000,908833.688,0.734,10781907.000,10578073.780,203833.220,0.923,0.403
1460,2017,Boehlen,Lippendorf,lignite,11905637.000,908831.872,0.763,11376121.000,11172288.188,203832.812,0.938,0.396
1460,2018,Boehlen,Lippendorf,lignite,12056399.000,908834.274,0.772,11711105.000,11507271.649,203833.351,0.954,0.389
1460,2019,Boehlen,Lippendorf,lignite,9284477.000,908589.088,0.595,8943673.000,8739894.639,203778.361,0.941,0.395
1460,2020,Boehlen,Lippendorf,lignite,8375104.000,908527.160,0.537,8272543.000,8068778.529,203764.471,0.963,0.386
1460,2021,Boehlen,Lippendorf,lignite,11282373.000,1344485.089,0.723,11051209.000,10749667.884,301541.116,0.953,0.390
1460,2022,Boehlen,Lippendorf,lignite,12131037.000,1966133.644,0.777,11911240.000,11470275.546,440964.454,0.946,0.393
795,2016,Burghausen,Burghausen,NG,0.000,2059861.115,0.000,684752.000,222766.349,461985.651,,0.000
795,2017,Burghausen,Burghausen,NG,0.000,2059858.961,0.000,688971.000,226985.832,461985.168,,0.000
795,2018,Burghausen,Burghausen,NG,0.000,2059861.607,0.000,664276.000,202290.239,461985.761,,0.000
795,2019,Burghausen,Burghausen,NG,0.000,2059859.378,0.000,521038.000,59052.739,461985.261,,0.000
795,2020,Burghausen,Burghausen,NG,0.000,2059862.138,0.000,560948.000,98962.120,461985.880,,0.000
795,2021,Burghausen,Burghausen,NG,0.000,1237276.796,0.000,580468.000,302971.560,277496.440,,0.000
795,2022,Burghausen,Burghausen,NG,0.000,1244473.675,0.000,538142.000,259031.444,279110.556,,0.000
1419,2016,Helmstedt,Buschhaus,lignite,1710289.000,0.000,0.555,1798498.000,1798498.000,0.000,1.052,0.341
1419,2017,Helmstedt,Buschhaus,lignite,0.000,0.000,0.000,3.000,3.000,0.000,,0.000
1419,2018,Helmstedt,Buschhaus,lignite,0.000,0.000,0.000,127.000,127.000,0.000,,0.000
1419,2019,Helmstedt,Buschhaus,lignite,0.000,0.000,0.000,48.000,48.000,0.000,,0.000
1419,2020,Helmstedt,Buschhaus,lignite,0.000,0.000,0.000,0.000,0.000,0.000,,
1419,2021,Helmstedt,Buschhaus,lignite,0.000,0.000,0.000,0.000,0.000,0.000,,
1419,2022,Helmstedt,Buschhaus,lignite,0.000,0.000,0.000,0.000,0.000,0.000,,
1409,2016,Herdecke,Cuno HKW Herdecke,NG,429315.983,37661.409,0.116,188248.000,179801.299,8446.701,0.419,0.480
1409,2017,Herdecke,Cuno HKW Herdecke,NG,490275.000,37661.318,0.132,192392.000,183945.320,8446.680,0.375,0.536
1409,2018,Herdecke,Cuno HKW Herdecke,NG,461604.000,37661.439,0.124,182013.000,173566.293,8446.707,0.376,0.535
1409,2019,Herdecke,Cuno HKW Herdecke,NG,991632.000,37635.142,0.267,375089.000,366648.190,8440.810,0.370,0.544
1409,2020,Herdecke,Cuno HKW Herdecke,NG,1358468.641,37629.225,0.366,532144.000,523704.517,8439.483,0.386,0.521
1409,2021,Herdecke,Cuno HKW Herdecke,NG,1110705.000,36949.066,0.299,409898.000,401611.063,8286.937,0.362,0.556
1409,2022,Herdecke,Cuno HKW Herdecke,NG,877719.000,53974.745,0.236,357317.000,345211.544,12105.456,0.393,0.511
208968,2016,Datteln,Datteln,hard coal,0.000,,0.000,0.000,,,,
208968,2017,Datteln,Datteln,hard coal,1.000,,0.000,152770.000,,,,
208968,2018,Datteln,Datteln,hard coal,0.000,,0.000,6604.000,,,,
208968,2019,Datteln,Datteln,hard coal,1495.000,,0.000,38028.000,,,,
208968,2020,Datteln,Datteln,hard coal,2275756.000,,0.247,1959460.000,,,,
208968,2021,Datteln,Datteln,hard coal,4696684.000,,0.510,3815258.000,,,,
208968,2022,Datteln,Datteln,hard coal,4558556.000,,0.495,3823696.000,,,,
1485,2016,Dormagen,Dormagen,NG,1290593.000,2123299.048,0.251,1585620.000,1109406.490,476213.510,0.860,0.234
1485,2017,Dormagen,Dormagen,NG,947435.000,2123299.369,0.185,1388788.000,912574.417,476213.583,0.963,0.209
1485,2018,Dormagen,Dormagen,NG,621111.000,2123299.045,0.121,1060583.000,584369.490,476213.510,0.941,0.214
1485,2019,Dormagen,Dormagen,NG,846733.000,2123277.298,0.165,1229238.000,753029.368,476208.632,0.889,0.226
1485,2020,Dormagen,Dormagen,NG,727081.000,2123280.338,0.142,1123777.000,647567.686,476209.314,0.891,0.226
1485,2021,Dormagen,Dormagen,NG,523880.000,1088062.877,0.102,1063848.000,819817.258,244030.742,1.565,0.128
1485,2022,Dormagen,Dormagen,NG,389290.000,1099563.107,0.076,973948.000,727337.986,246610.014,1.868,0.108
1411,2016,Hamborn,Duisburg-Hamborn,BFG,369529.934,788417.758,0.422,2070524.000,1893697.665,176826.335,5.125,0.182
1411,2017,Hamborn,Duisburg-Hamborn,BFG,468126.000,788416.695,0.534,2001687.000,1824860.904,176826.096,3.898,0.239
1411,2018,Hamborn,Duisburg-Hamborn,BFG,457332.207,788420.475,0.522,1948081.000,1771254.056,176826.944,3.873,0.241
1411,2019,Hamborn,Duisburg-Hamborn,BFG,425450.000,788419.424,0.486,1999936.000,1823109.292,176826.708,4.285,0.217
1411,2020,Hamborn,Duisburg-Hamborn,BFG,433929.392,788418.331,0.495,1976698.000,1799871.537,176826.463,4.148,0.225
1411,2021,Hamborn,Duisburg-Hamborn,BFG,169801.000,255007.613,0.194,1481644.000,1424450.893,57193.107,8.389,0.111
1411,2022,Hamborn,Duisburg-Hamborn,BFG,509936.000,256490.671,0.582,1872039.000,1814513.272,57525.728,3.558,0.262
1850,2016,Hamborn,Duisburg-Hamborn,BFG,1112312.314,,0.564,2559445.000,,,,
1850,2017,Hamborn,Duisburg-Hamborn,BFG,1361636.000,,0.691,2832910.000,,,,
1850,2018,Hamborn,Duisburg-Hamborn,BFG,1332875.155,,0.676,2587692.000,,,,
1850,2019,Hamborn,Duisburg-Hamborn,BFG,1498911.000,,0.760,3143109.000,,,,
1850,2020,Hamborn,Duisburg-Hamborn,BFG,1174534.551,,0.596,2468646.000,,,,
1850,2021,Hamborn,Duisburg-Hamborn,BFG,1180097.000,,0.599,2406635.000,,,,
1850,2022,Hamborn,Duisburg-Hamborn,BFG,1031344.000,,0.523,2066398.000,,,,
1174,2016,Duisburg,HKW Wanheim,NG,927267.000,146971.893,0.452,460594.000,427631.144,32962.856,0.461,0.436
1174,2017,Duisburg,HKW Wanheim,NG,994624.000,587917.609,0.485,439802.000,307943.839,131858.161,0.310,0.649
1174,2018,Duisburg,HKW Wanheim,NG,816711.000,587950.449,0.398,422652.000,290786.473,131865.527,0.356,0.565
1174,2019,Duisburg,HKW Wanheim,NG,999802.000,587853.195,0.488,470426.000,338582.285,131843.715,0.339,0.594
1174,2020,Duisburg,HKW Wanheim,NG,1144335.000,587911.666,0.558,516350.000,384493.172,131856.828,0.336,0.598
1174,2021,Duisburg,HKW Wanheim,NG,833934.000,711575.596,0.407,404203.000,244610.825,159592.175,0.293,0.685
1174,2022,Duisburg,HKW Wanheim,NG,543233.000,1041047.532,0.265,260805.000,27318.860,233486.140,0.050,3.997
1415,2016,Duisburg,Duisburg-Ruhrort,BFG,810790.826,8641.754,0.561,4396101.000,4394162.827,1938.173,5.420,0.172
1415,2017,Duisburg,Duisburg-Ruhrort,BFG,1034637.000,8645.225,0.716,3625702.000,3623763.049,1938.951,3.502,0.266
1415,2018,Duisburg,Duisburg-Ruhrort,BFG,890575.664,8643.944,0.616,3556180.000,3554241.336,1938.664,3.991,0.234
1415,2019,Duisburg,Duisburg-Ruhrort,BFG,206590.000,8642.613,0.143,2286362.000,2284423.635,1938.365,11.058,0.084
1415,2020,Duisburg,Duisburg-Ruhrort,BFG,639514.295,8641.230,0.442,2214436.000,2212497.945,1938.055,3.460,0.269
1415,2021,Duisburg,Duisburg-Ruhrort,BFG,977647.000,42294.906,0.676,3105846.000,3096360.099,9485.901,3.167,0.294
1415,2022,Duisburg,Duisburg-Ruhrort,BFG,662909.000,42548.518,0.459,2470829.000,2461286.218,9542.782,3.713,0.251
1479,2016,Lingen,Emsland,NG,3799083.000,355329.368,0.238,1691666.000,1611972.729,79693.271,0.424,0.474
1479,2017,Lingen,Emsland,NG,4304620.000,355329.402,0.270,1694185.000,1614491.722,79693.278,0.375,0.536
1479,2018,Lingen,Emsland,NG,3044703.000,355329.368,0.191,1184094.000,1104400.729,79693.271,0.363,0.554
1479,2019,Lingen,Emsland,NG,4916220.000,355334.239,0.308,1933788.000,1854093.637,79694.363,0.377,0.533
1479,2020,Lingen,Emsland,NG,5232317.000,355334.152,0.328,2120000.000,2040305.656,79694.344,0.390,0.515
1479,2021,Lingen,Emsland,NG,3676568.000,308634.926,0.231,1389004.000,1319783.359,69220.641,0.359,0.560
1479,2022,Lingen,Emsland,NG,3638322.000,310431.197,0.228,1369575.000,1299951.491,69623.509,0.357,0.563
969,2016,Wilhelmshaven,Wilhelmshaven (Uniper),hard coal,2974443.000,6551.542,0.449,2811433.000,2809963.620,1469.380,0.945,0.357
969,2017,Wilhelmshaven,Wilhelmshaven (Uniper),hard coal,1449279.000,6554.146,0.219,1322071.000,1320601.036,1469.964,0.911,0.370
969,2018,Wilhelmshaven,Wilhelmshaven (Uniper),hard coal,1760935.000,6550.698,0.266,1629777.000,1628307.809,1469.191,0.925,0.364
969,2019,Wilhelmshaven,Wilhelmshaven (Uniper),hard coal,467796.000,6523.951,0.071,429912.000,428448.808,1463.192,0.916,0.368
969,2020,Wilhelmshaven,Wilhelmshaven (Uniper),hard coal,544292.000,6522.941,0.082,550120.000,548657.035,1462.965,1.008,0.334
969,2021,Wilhelmshaven,Wilhelmshaven (Uniper),hard coal,625274.538,0.000,0.094,482960.000,482960.000,0.000,0.772,0.436
969,2022,Wilhelmshaven,Wilhelmshaven (Uniper),hard coal,0.000,0.000,0.000,4418.000,4418.000,0.000,,0.000
1446,2016,Nuernberg,Franken I,NG,230663.000,,0.032,124658.000,,,,
1446,2017,Nuernberg,Franken I,NG,434355.000,,0.060,227471.000,,,,
1446,2018,Nuernberg,Franken I,NG,225065.000,,0.031,124909.000,,,,
1446,2019,Nuernberg,Franken I,NG,160377.000,,0.022,88417.000,,,,
1446,2020,Nuernberg,Franken I,NG,186995.000,,0.026,101205.000,,,,
1446,2021,Nuernberg,Franken I,NG,152501.000,,0.021,87777.000,,,,
1446,2022,Nuernberg,Franken I,NG,167409.000,,0.023,107239.000,,,,
1605,2016,Grevenbroich-Frimmersdorf,Frimmersdorf,lignite,2718916.000,46996.011,0.535,4353370.000,4342829.735,10540.265,1.597,0.255
1605,2017,Grevenbroich-Frimmersdorf,Frimmersdorf,lignite,2621993.000,46992.687,0.516,3582337.000,3571797.480,10539.520,1.362,0.299
1605,2018,Grevenbroich-Frimmersdorf,Frimmersdorf,lignite,0.000,46997.079,0.000,293.000,-10247.505,10540.505,,-0.000
1605,2019,Grevenbroich-Frimmersdorf,Frimmersdorf,lignite,0.000,46987.455,0.000,337.000,-10201.346,10538.346,,-0.000
1605,2020,Grevenbroich-Frimmersdorf,Frimmersdorf,lignite,0.000,46969.567,0.000,273.000,-10261.335,10534.335,,-0.000
1605,2021,Grevenbroich-Frimmersdorf,Frimmersdorf,lignite,0.000,0.000,0.000,80.000,80.000,0.000,,0.000
1605,2022,Grevenbroich-Frimmersdorf,Frimmersdorf,lignite,0.000,0.000,0.000,0.000,0.000,0.000,,
1207,2016,Vohburg,Irsching,mixed,120993.000,14796.606,0.011,55799.000,52480.417,3318.583,0.434,
1207,2017,Vohburg,Irsching,mixed,115715.000,14797.581,0.010,50845.000,47526.199,3318.801,0.411,
1207,2018,Vohburg,Irsching,mixed,17269.000,14796.291,0.002,13782.000,10463.488,3318.512,0.606,
1207,2019,Vohburg,Irsching,mixed,33483.000,14777.882,0.003,21322.000,18007.617,3314.383,0.538,
1207,2020,Vohburg,Irsching,mixed,1054083.000,14762.699,0.095,383913.000,380602.022,3310.978,0.361,
1207,2021,Vohburg,Irsching,mixed,2404087.000,,0.218,854657.000,,,,
1207,2022,Vohburg,Irsching,mixed,1693963.000,,0.153,663669.000,,,,
4148,2016,Vohburg,Irsching,NG,83772.000,5100.123,0.017,29939.000,28795.144,1143.856,0.344,0.585
4148,2017,Vohburg,Irsching,NG,17793.000,5097.094,0.004,7473.000,6329.824,1143.176,0.356,0.565
4148,2018,Vohburg,Irsching,NG,6821.000,5094.681,0.001,2695.000,1552.365,1142.635,0.228,0.883
4148,2019,Vohburg,Irsching,NG,4199.000,5093.352,0.001,2209.000,1066.663,1142.337,0.254,0.791
4148,2020,Vohburg,Irsching,NG,680735.000,5110.951,0.139,233709.000,232562.716,1146.284,0.342,0.588
4148,2021,Vohburg,Irsching,NG,1783315.000,,0.363,610943.000,,,,
4148,2022,Vohburg,Irsching,NG,804592.000,,0.164,440528.000,,,,
1210,2016,Kiel,Kiel (Gemeinschaftskraftwerk),hard coal,1121756.000,816338.422,0.396,1212574.000,1029485.619,183088.381,0.918,0.367
1210,2017,Kiel,Kiel (Gemeinschaftskraftwerk),hard coal,1047315.000,816338.430,0.370,1116575.000,933486.617,183088.383,0.891,0.378
1210,2018,Kiel,Kiel (Gemeinschaftskraftwerk),hard coal,1159302.000,816338.419,0.410,1251101.000,1068012.619,183088.381,0.921,0.366
1210,2019,Kiel,Kiel (Gemeinschaftskraftwerk),hard coal,366425.000,816110.601,0.130,415608.000,232570.714,183037.286,0.635,0.531
1210,2020,Kiel,Kiel (Gemeinschaftskraftwerk),hard coal,0.000,0.000,0.000,0.000,0.000,0.000,,
1210,2021,Kiel,Kiel (Gemeinschaftskraftwerk),hard coal,0.000,0.000,0.000,0.000,0.000,0.000,,
1210,2022,Kiel,Kiel (Gemeinschaftskraftwerk),hard coal,0.000,0.000,0.000,0.000,0.000,0.000,,
1481,2016,Werne,Gersteinwerk,mixed,2942137.000,,0.172,1305.000,,,,
1481,2017,Werne,Gersteinwerk,mixed,1938757.000,,0.114,24671.000,,,,
1481,2018,Werne,Gersteinwerk,mixed,1986654.000,,0.116,14640.000,,,,
1481,2019,Werne,Gersteinwerk,mixed,327184.000,,0.019,79635.000,,,,
1481,2020,Werne,Gersteinwerk,mixed,22281.000,,0.001,147834.000,,,,
1481,2021,Werne,Gersteinwerk,mixed,8439.000,,0.000,21329.000,,,,
1481,2022,Werne,Gersteinwerk,mixed,7827.000,,0.000,15463.000,,,,
1387,2016,Hannover,Stoecken (GKH),hard coal,1564587.000,1030045.018,0.657,1667128.000,1436109.503,231018.497,0.918,0.367
1387,2017,Hannover,Stoecken (GKH),hard coal,1463116.000,1030032.854,0.614,1590978.000,1359962.232,231015.768,0.929,0.362
1387,2018,Hannover,Stoecken (GKH),hard coal,1517745.000,1030048.303,0.637,1630746.000,1399726.767,231019.233,0.922,0.365
1387,2019,Hannover,Stoecken (GKH),hard coal,1056404.000,1029810.827,0.443,1209372.000,978406.028,230965.972,0.926,0.364
1387,2020,Hannover,Stoecken (GKH),hard coal,891258.000,1029761.922,0.374,1057616.000,826660.996,230955.004,0.928,0.363
1387,2021,Hannover,Stoecken (GKH),hard coal,1178065.000,628422.050,0.494,1354944.000,1214001.503,140942.497,1.031,0.327
1387,2022,Hannover,Stoecken (GKH),hard coal,1550777.000,817893.239,0.651,1697240.000,1513802.904,183437.096,0.976,0.345
1450,2016,Altbach,HKW Altbach-Deizisau,hard coal,1942298.000,574018.595,0.288,1919622.000,1790881.110,128740.890,0.922,0.365
1450,2017,Altbach,HKW Altbach-Deizisau,hard coal,1199377.000,574018.236,0.178,1250276.000,1121535.190,128740.810,0.935,0.360
1450,2018,Altbach,HKW Altbach-Deizisau,hard coal,1123306.000,574018.681,0.167,1260650.000,1131909.090,128740.910,1.008,0.334
1450,2019,Altbach,HKW Altbach-Deizisau,hard coal,814173.000,573910.222,0.121,1009162.000,880445.415,128716.585,1.081,0.311
1450,2020,Altbach,HKW Altbach-Deizisau,hard coal,565414.000,573893.598,0.084,722621.000,593908.144,128712.856,1.050,0.321
1450,2021,Altbach,HKW Altbach-Deizisau,hard coal,986100.000,270539.467,0.146,1184730.000,1124053.408,60676.592,1.140,0.295
1450,2022,Altbach,HKW Altbach-Deizisau,hard coal,1147426.000,335930.476,0.170,1536543.000,1461200.513,75342.487,1.273,0.264
739,2016,Dresden,HKW Dresden Nossener Bruecke,NG,1478782.000,1721272.799,0.649,752872.000,366824.937,386047.063,0.248,0.810
739,2017,Dresden,HKW Dresden Nossener Bruecke,NG,1439831.000,1721262.092,0.632,741516.000,355471.338,386044.662,0.247,0.814
739,2018,Dresden,HKW Dresden Nossener Bruecke,NG,1370216.000,1721276.250,0.602,724518.000,338470.163,386047.837,0.247,0.814
739,2019,Dresden,HKW Dresden Nossener Bruecke,NG,1410930.000,1720795.635,0.619,725752.000,339811.955,385940.045,0.241,0.835
739,2020,Dresden,HKW Dresden Nossener Bruecke,NG,1394206.000,1720698.911,0.612,713976.000,328057.648,385918.352,0.235,0.854
739,2021,Dresden,HKW Dresden Nossener Bruecke,NG,1463553.000,1766121.707,0.643,770563.000,374457.223,396105.777,0.256,0.786
739,2022,Dresden,HKW Dresden Nossener Bruecke,NG,1124560.000,2582695.511,0.494,616282.000,37035.051,579246.949,0.033,6.103
1452,2016,Heilbronn,HKW Heilbronn,hard coal,2389285.000,294847.704,0.351,2388302.000,2322173.557,66128.443,0.972,0.347
1452,2017,Heilbronn,HKW Heilbronn,hard coal,2386609.000,294734.689,0.350,2394697.000,2328593.904,66103.096,0.976,0.345
1452,2018,Heilbronn,HKW Heilbronn,hard coal,2860319.000,294875.320,0.420,2712379.000,2646244.363,66134.637,0.925,0.364
1452,2019,Heilbronn,HKW Heilbronn,hard coal,1263654.000,295295.555,0.185,1338801.000,1272572.113,66228.887,1.007,0.334
1452,2020,Heilbronn,HKW Heilbronn,hard coal,500508.000,296310.292,0.073,637633.000,571176.528,66456.472,1.141,0.295
1452,2021,Heilbronn,HKW Heilbronn,hard coal,2174780.000,303535.535,0.319,2110585.000,2042508.050,68076.950,0.939,0.359
1452,2022,Heilbronn,HKW Heilbronn,hard coal,1790164.000,380683.031,0.263,1914021.000,1828641.410,85379.590,1.021,0.330
1095,2016,Duesseldorf,Lausward,NG,2708396.000,659891.574,0.311,1076256.000,928255.518,148000.482,0.343,0.586
1095,2017,Duesseldorf,Lausward,NG,2875607.000,659890.746,0.330,1041684.000,893683.703,148000.297,0.311,0.647
1095,2018,Duesseldorf,Lausward,NG,3065741.000,659891.840,0.352,1107614.000,959613.458,148000.542,0.313,0.642
1095,2019,Duesseldorf,Lausward,NG,3178007.000,659708.542,0.365,1144305.000,996345.568,147959.432,0.314,0.641
1095,2020,Duesseldorf,Lausward,NG,3856165.000,659652.332,0.442,1377984.000,1230037.175,147946.825,0.319,0.630
1095,2021,Duesseldorf,Lausward,NG,2926674.000,996284.031,0.336,1089909.000,866462.418,223446.582,0.296,0.679
1095,2022,Duesseldorf,Lausward,NG,2382175.000,1456842.202,0.273,915963.000,589222.431,326740.569,0.247,0.813
1444,2016,Leipzig,HKW Leipzig-Nord,NG,574864.000,406467.762,0.393,304146.000,212983.410,91162.590,0.370,0.543
1444,2017,Leipzig,HKW Leipzig-Nord,NG,441037.000,812981.784,0.301,230005.000,47669.445,182335.555,0.108,1.860
1444,2018,Leipzig,HKW Leipzig-Nord,NG,337448.000,813031.691,0.231,182266.000,-80.748,182346.748,-0.000,-839.987
1444,2019,Leipzig,HKW Leipzig-Nord,NG,421543.000,812898.914,0.288,225373.000,43056.032,182316.968,0.102,1.968
1444,2020,Leipzig,HKW Leipzig-Nord,NG,516162.000,812962.742,0.353,273994.000,91662.716,182331.284,0.178,1.132
1444,2021,Leipzig,HKW Leipzig-Nord,NG,232103.078,601234.847,0.159,158218.000,23373.048,134844.952,0.101,1.996
1444,2022,Leipzig,HKW Leipzig-Nord,NG,0.000,879615.711,0.000,189968.000,-7312.212,197280.212,,-0.000
750,2016,Muenchen,Sued,NG,,,,1623.000,,,,
750,2017,Muenchen,Sued,NG,,,,2528.000,,,,
750,2018,Muenchen,Sued,NG,,,,538.000,,,,
750,2019,Muenchen,Sued,NG,,,,,,,,
750,2020,Muenchen,Sued,NG,,,,,,,,
750,2021,Muenchen,Sued,NG,,,,,,,,
750,2022,Muenchen,Sued,NG,,,,,,,,
1276,2016,Koeln,HKW Merkenich,NG,183529.339,738806.611,0.190,455743.000,290043.453,165699.547,1.580,0.127
1276,2017,Koeln,HKW Merkenich,NG,205947.000,738805.057,0.214,537244.000,371544.802,165699.198,1.804,0.111
1276,2018,Koeln,HKW Merkenich,NG,117470.000,738806.918,0.122,538186.000,372486.384,165699.616,3.171,0.063
1276,2019,Koeln,HKW Merkenich,NG,597.000,738696.250,0.001,366508.000,200833.205,165674.795,336.404,0.001
1276,2020,Koeln,HKW Merkenich,NG,22135.000,738681.494,0.023,329476.000,163804.515,165671.485,7.400,0.027
1276,2021,Koeln,HKW Merkenich,NG,42957.000,421733.540,0.045,348816.000,254229.602,94586.398,5.918,0.034
1276,2022,Koeln,HKW Merkenich,NG,0.000,493355.242,0.000,358932.000,248282.286,110649.714,,0.000
1279,2016,Koeln,Niehl,NG,3548542.413,826005.941,0.468,1470182.000,1284925.388,185256.612,0.362,0.555
1279,2017,Koeln,Niehl,NG,4210974.000,825999.364,0.555,1519145.000,1333889.863,185255.137,0.317,0.635
1279,2018,Koeln,Niehl,NG,3342000.000,826008.060,0.441,1250341.000,1065083.912,185257.088,0.319,0.631
1279,2019,Koeln,Niehl,NG,4962318.000,825787.468,0.654,1762167.000,1576959.387,185207.613,0.318,0.632
1279,2020,Koeln,Niehl,NG,3459272.000,825731.926,0.456,1605387.000,1420191.844,185195.156,0.411,0.490
1279,2021,Koeln,Niehl,NG,3646441.000,1255728.552,0.481,1437843.000,1156208.200,281634.800,0.317,0.634
1279,2022,Koeln,Niehl,NG,2630043.783,1836327.413,0.347,1059082.000,647230.488,411851.512,0.246,0.817
1746,2016,Saarbruecken,HKW Roemerbrueke,NG,0.000,435948.232,0.000,149843.000,52068.530,97774.470,,0.000
1746,2017,Saarbruecken,HKW Roemerbrueke,NG,0.000,435948.174,0.000,173819.000,76044.544,97774.456,,0.000
1746,2018,Saarbruecken,HKW Roemerbrueke,NG,0.000,435948.251,0.000,174677.000,76902.526,97774.474,,0.000
1746,2019,Saarbruecken,HKW Roemerbrueke,NG,0.000,435841.365,0.000,216629.000,118878.499,97750.501,,0.000
1746,2020,Saarbruecken,HKW Roemerbrueke,NG,0.000,435797.023,0.000,163843.000,66102.444,97740.556,,0.000
1746,2021,Saarbruecken,HKW Roemerbrueke,NG,0.000,511597.426,0.000,185573.000,70831.929,114741.071,,0.000
1746,2022,Saarbruecken,HKW Roemerbrueke,NG,0.000,748123.861,0.000,156876.000,-10913.220,167789.220,,-0.000
1515,2016,Wolfsburg,HKW West,hard coal,1688209.000,701580.618,0.693,1797455.000,1640104.499,157350.501,0.972,0.347
1515,2017,Wolfsburg,HKW West,hard coal,1625455.000,701580.938,0.667,1721936.000,1564585.427,157350.573,0.963,0.350
1515,2018,Wolfsburg,HKW West,hard coal,1588348.000,701580.588,0.652,1688622.000,1531271.506,157350.494,0.964,0.349
1515,2019,Wolfsburg,HKW West,hard coal,1529119.000,701536.909,0.628,1668927.000,1511586.302,157340.698,0.989,0.341
1515,2020,Wolfsburg,HKW West,hard coal,1404694.000,701531.734,0.577,1514435.000,1357095.463,157339.537,0.966,0.349
1515,2021,Wolfsburg,HKW West,hard coal,1359788.000,275993.283,0.558,1503809.000,1441909.226,61899.774,1.060,0.318
1515,2022,Wolfsburg,HKW West,hard coal,1086183.000,293211.448,0.446,1310553.000,1244791.536,65761.464,1.146,0.294
1291,2016,Petershagen,Heyden,hard coal,3369017.000,1918.289,0.440,3004101.000,3003670.766,430.234,0.892,0.378
1291,2017,Petershagen,Heyden,hard coal,2221875.000,1927.158,0.290,1977821.000,1977388.777,432.223,0.890,0.378
1291,2018,Petershagen,Heyden,hard coal,1914212.000,1927.507,0.250,1744340.000,1743907.699,432.301,0.911,0.370
1291,2019,Petershagen,Heyden,hard coal,667080.000,1927.024,0.087,645248.000,644815.807,432.193,0.967,0.348
1291,2020,Petershagen,Heyden,hard coal,948088.000,1925.045,0.124,901613.000,901181.251,431.749,0.951,0.354
1291,2021,Petershagen,Heyden,hard coal,110031.000,,0.014,323231.000,,,,
1291,2022,Petershagen,Heyden,hard coal,692524.000,,0.090,1382813.000,,,,
1486,2016,Duisburg-Huckingen,Huckingen,BFG,1789380.000,14644.723,0.340,2898255.000,2894970.482,3284.518,1.618,0.576
1486,2017,Duisburg-Huckingen,Huckingen,BFG,2321469.000,14649.444,0.442,3221175.000,3217889.423,3285.577,1.386,0.672
1486,2018,Duisburg-Huckingen,Huckingen,BFG,1972299.000,14643.188,0.375,2765043.000,2761758.826,3284.174,1.400,0.666
1486,2019,Duisburg-Huckingen,Huckingen,BFG,0.000,14632.148,0.000,2680343.000,2677061.302,3281.698,,0.000
1486,2020,Duisburg-Huckingen,Huckingen,BFG,563056.000,14612.747,0.107,2351848.000,2348570.653,3277.347,4.171,0.223
1486,2021,Duisburg-Huckingen,Huckingen,BFG,1953324.000,19363.032,0.372,3173542.000,3169199.259,4342.741,1.622,0.574
1486,2022,Duisburg-Huckingen,Huckingen,BFG,1521152.000,28256.868,0.289,2861874.000,2855536.550,6337.450,1.877,0.496
995,2016,Elsfleth,Huntorf (CAES),NG,8014.000,1193.258,0.003,3341.000,3073.376,267.624,0.384,0.524
995,2017,Elsfleth,Huntorf (CAES),NG,11829.000,1197.416,0.004,4757.000,4488.444,268.556,0.379,0.530
995,2018,Elsfleth,Huntorf (CAES),NG,25579.000,1195.818,0.009,9811.000,9542.802,268.198,0.373,0.539
995,2019,Elsfleth,Huntorf (CAES),NG,18784.000,1198.000,0.007,7312.000,7043.312,268.688,0.375,0.536
995,2020,Elsfleth,Huntorf (CAES),NG,1221.000,1206.948,0.000,726.000,455.306,270.694,0.373,0.539
995,2021,Elsfleth,Huntorf (CAES),NG,1746.000,,0.001,979.000,,,,
995,2022,Elsfleth,Huntorf (CAES),NG,1297.000,,0.000,842.000,,,,
1480,2016,Ibbenbueren,Ibbenbueren,hard coal,3642853.000,12094.383,0.526,3863723.000,3861010.472,2712.528,1.060,0.318
1480,2017,Ibbenbueren,Ibbenbueren,hard coal,2644034.000,12093.323,0.382,2512586.000,2509873.709,2712.291,0.949,0.355
1480,2018,Ibbenbueren,Ibbenbueren,hard coal,3198873.000,12094.724,0.462,3033405.000,3030692.395,2712.605,0.947,0.355
1480,2019,Ibbenbueren,Ibbenbueren,hard coal,776861.000,12086.800,0.112,743877.000,741166.172,2710.828,0.954,0.353
1480,2020,Ibbenbueren,Ibbenbueren,hard coal,908058.000,12096.004,0.131,873656.000,870943.108,2712.892,0.959,0.351
1480,2021,Ibbenbueren,Ibbenbueren,hard coal,56401.000,0.000,0.008,74780.000,74780.000,0.000,1.326,0.254
1480,2022,Ibbenbueren,Ibbenbueren,hard coal,0.000,0.000,0.000,587.000,587.000,0.000,,0.000
19,2016,Schwedt,IKS PCK Schwedt,crude oil,1528095.000,9010243.242,0.745,3766493.000,1745675.646,2020817.354,1.142,0.231
19,2017,Schwedt,IKS PCK Schwedt,crude oil,1575984.000,9011196.488,0.769,3842978.000,1821946.852,2021031.148,1.156,0.228
19,2018,Schwedt,IKS PCK Schwedt,crude oil,1460976.000,9010237.550,0.713,3789945.000,1769128.922,2020816.078,1.211,0.218
19,2019,Schwedt,IKS PCK Schwedt,crude oil,1352231.000,9006713.280,0.660,3418710.000,1398684.346,2020025.654,1.034,0.255
19,2020,Schwedt,IKS PCK Schwedt,crude oil,1391681.000,9002176.835,0.679,3515850.000,1496841.780,2019008.220,1.076,0.245
19,2021,Schwedt,IKS PCK Schwedt,crude oil,1272213.000,11296916.052,0.621,3480163.000,946490.668,2533672.332,0.744,0.355
19,2022,Schwedt,IKS PCK Schwedt,crude oil,1356456.000,11689026.523,0.662,3600518.000,978903.131,2621614.869,0.722,0.366
210483,2016,Kiel,Kuestenkraftwerk,NG,,,,,,,,
210483,2017,Kiel,Kuestenkraftwerk,NG,,,,,,,,
210483,2018,Kiel,Kuestenkraftwerk,NG,,,,9892.000,,,,
210483,2019,Kiel,Kuestenkraftwerk,NG,,,,110616.000,,,,
210483,2020,Kiel,Kuestenkraftwerk,NG,,,,367970.000,,,,
210483,2021,Kiel,Kuestenkraftwerk,NG,,,,374004.000,,,,
210483,2022,Kiel,Kuestenkraftwerk,NG,,,,277144.000,,,,
1170,2016,Berlin,Klingenberg,NG,572926.000,2608612.558,0.399,1377759.000,792699.375,585059.625,1.384,0.145
1170,2017,Berlin,Klingenberg,NG,624804.000,2562729.252,0.435,975645.000,400876.083,574768.917,0.642,0.313
1170,2018,Berlin,Klingenberg,NG,608667.000,2151190.459,0.424,598412.000,115943.004,482468.996,0.190,1.055
1170,2019,Berlin,Klingenberg,NG,642187.000,2150815.149,0.447,631679.000,149294.178,482384.822,0.232,0.865
1170,2020,Berlin,Klingenberg,NG,549994.000,2150982.607,0.383,532066.000,49643.621,482422.379,0.090,2.227
1170,2021,Berlin,Klingenberg,NG,446429.000,2569311.547,0.311,474924.000,-101321.194,576245.194,-0.227,-0.886
1170,2022,Berlin,Klingenberg,NG,374661.000,3758942.030,0.261,402741.000,-440314.518,843055.518,-1.175,-0.171
1786,2016,Huerth-Knapsack,Knapsack,NG,,,,,,,,
1786,2017,Huerth-Knapsack,Knapsack,NG,,,,,,,,
1786,2018,Huerth-Knapsack,Knapsack,NG,,,,,,,,
1786,2019,Huerth-Knapsack,Knapsack,NG,,,,,,,,
1786,2020,Huerth-Knapsack,Knapsack,NG,,,,,,,,
1786,2021,Huerth-Knapsack,Knapsack,NG,,,,,,,,
1786,2022,Huerth-Knapsack,Knapsack,NG,,,,,,,,
202777,2016,Huerth-Knapsack,Knapsack,NG,865663.000,,0.232,346418.000,,,,
202777,2017,Huerth-Knapsack,Knapsack,NG,1134407.000,,0.304,401657.000,,,,
202777,2018,Huerth-Knapsack,Knapsack,NG,890725.000,,0.239,317032.000,,,,
202777,2019,Huerth-Knapsack,Knapsack,NG,1485686.000,,0.398,520341.000,,,,
202777,2020,Huerth-Knapsack,Knapsack,NG,1743406.000,,0.467,613365.000,,,,
202777,2021,Huerth-Knapsack,Knapsack,NG,1050355.000,,0.281,379334.000,,,,
202777,2022,Huerth-Knapsack,Knapsack,NG,570651.000,,0.153,205834.000,,,,
1309,2016,Rostock,Rostock,hard coal,3224760.000,241301.939,0.716,2636984.000,2582864.801,54119.199,0.801,0.421
1309,2017,Rostock,Rostock,hard coal,2846041.000,241303.928,0.632,2335824.000,2281704.355,54119.645,0.802,0.420
1309,2018,Rostock,Rostock,hard coal,2179318.000,241301.297,0.484,1845401.000,1791281.945,54119.055,0.822,0.410
1309,2019,Rostock,Rostock,hard coal,2075087.000,241237.432,0.461,1728202.000,1674097.269,54104.731,0.807,0.417
1309,2020,Rostock,Rostock,hard coal,1122191.000,241199.501,0.249,911345.000,857248.776,54096.224,0.764,0.441
1309,2021,Rostock,Rostock,hard coal,2485147.000,250517.467,0.552,2075837.000,2019650.943,56186.057,0.813,0.414
1309,2022,Rostock,Rostock,hard coal,2000279.000,366292.052,0.444,1736087.000,1653935.019,82151.981,0.827,0.407
662,2016,Ludwigshafen,Mitte,NG,2649117.000,,0.734,26730.000,,,,
662,2017,Ludwigshafen,Mitte,NG,2807441.000,,0.778,1860.000,,,,
662,2018,Ludwigshafen,Mitte,NG,2919579.000,,0.809,23.000,,,,
662,2019,Ludwigshafen,Mitte,NG,2758408.000,,0.764,66989.000,,,,
662,2020,Ludwigshafen,Mitte,NG,2812834.000,,0.779,58638.000,,,,
662,2021,Ludwigshafen,Mitte,NG,2954330.000,,0.819,2532.000,,,,
662,2022,Ludwigshafen,Mitte,NG,2387659.000,,0.662,0.000,,,,
1484,2016,Ludwigshafen,Sued,NG,1980968.000,2599999.056,0.655,1319882.000,736754.212,583127.788,0.372,0.540
1484,2017,Ludwigshafen,Sued,NG,2554384.000,2600001.460,0.845,1367311.000,784182.673,583128.327,0.307,0.655
1484,2018,Ludwigshafen,Sued,NG,2264108.000,2599999.056,0.749,1202453.000,619325.212,583127.788,0.274,0.735
1484,2019,Ludwigshafen,Sued,NG,2284452.000,2600001.521,0.756,1212205.000,629076.659,583128.341,0.275,0.730
1484,2020,Ludwigshafen,Sued,NG,2159514.000,2600004.066,0.715,1204757.000,621628.088,583128.912,0.288,0.698
1484,2021,Ludwigshafen,Sued,NG,2532712.000,2066402.784,0.838,1442015.000,978562.184,463452.816,0.386,0.520
1484,2022,Ludwigshafen,Sued,NG,1619756.000,2078418.093,0.536,940698.000,474550.390,466147.610,0.293,0.686
852,2016,Bexbach,Bexbach,hard coal,1794053.355,,0.282,1843866.000,,,,
852,2017,Bexbach,Bexbach,hard coal,530052.567,,0.083,508496.000,,,,
852,2018,Bexbach,Bexbach,hard coal,31504.000,,0.005,37768.000,,,,
852,2019,Bexbach,Bexbach,hard coal,58183.000,,0.009,79358.000,,,,
852,2020,Bexbach,Bexbach,hard coal,138061.000,,0.022,167776.000,,,,
852,2021,Bexbach,Bexbach,hard coal,227437.000,,0.036,263604.000,,,,
852,2022,Bexbach,Bexbach,hard coal,727205.000,,0.114,774976.000,,,,
1238,2016,Bremen,Hafen,hard coal,1542451.000,,0.587,1477173.000,,,,
1238,2017,Bremen,Hafen,hard coal,1679459.000,,0.639,1520633.000,,,,
1238,2018,Bremen,Hafen,hard coal,1252723.000,,0.477,1192614.000,,,,
1238,2019,Bremen,Hafen,hard coal,1264283.000,,0.481,1250947.000,,,,
1238,2020,Bremen,Hafen,hard coal,113365.000,,0.043,83366.000,,,,
1238,2021,Bremen,Hafen,hard coal,0.000,,0.000,0.000,,,,
1238,2022,Bremen,Hafen,hard coal,0.000,,0.000,0.000,,,,
839,2016,Ensdorf,Ensdorf,hard coal,,,,63526.000,,,,
839,2017,Ensdorf,Ensdorf,hard coal,,,,46654.000,,,,
839,2018,Ensdorf,Ensdorf,hard coal,,,,0.000,,,,
839,2019,Ensdorf,Ensdorf,hard coal,,,,0.000,,,,
839,2020,Ensdorf,Ensdorf,hard coal,,,,0.000,,,,
839,2021,Ensdorf,Ensdorf,hard coal,,,,,,,,
839,2022,Ensdorf,Ensdorf,hard coal,,,,,,,,
838,2016,Ensdorf,Ensdorf,hard coal,,,,1078644.000,,,,
838,2017,Ensdorf,Ensdorf,hard coal,,,,1043338.000,,,,
838,2018,Ensdorf,Ensdorf,hard coal,,,,0.000,,,,
838,2019,Ensdorf,Ensdorf,hard coal,,,,0.000,,,,
838,2020,Ensdorf,Ensdorf,hard coal,,,,0.000,,,,
838,2021,Ensdorf,Ensdorf,hard coal,,,,,,,,
838,2022,Ensdorf,Ensdorf,hard coal,,,,,,,,
999,2016,Bremen,Farge,hard coal,1112507.000,,0.363,961333.000,,,,
999,2017,Bremen,Farge,hard coal,1460029.000,,0.476,1259810.000,,,,
999,2018,Bremen,Farge,hard coal,1374123.000,,0.448,1176893.000,,,,
999,2019,Bremen,Farge,hard coal,600075.000,,0.196,542513.000,,,,
999,2020,Bremen,Farge,hard coal,391132.000,,0.128,353086.000,,,,
999,2021,Bremen,Farge,hard coal,971534.000,,0.317,879703.000,,,,
999,2022,Bremen,Farge,hard coal,1360623.000,,0.444,1222480.000,,,,
1253,2016,Bremen,Hastedt,hard coal,706342.000,517610.392,0.678,737797.000,621707.341,116089.659,0.880,0.383
1253,2017,Bremen,Hastedt,hard coal,786206.000,508651.146,0.754,774343.000,660262.721,114080.279,0.840,0.401
1253,2018,Bremen,Hastedt,hard coal,694059.000,508681.340,0.666,702955.000,588867.949,114087.051,0.848,0.397
1253,2019,Bremen,Hastedt,hard coal,715912.000,508646.828,0.687,732012.000,617932.689,114079.311,0.863,0.390
1253,2020,Bremen,Hastedt,hard coal,575460.000,508679.417,0.552,666521.000,552434.380,114086.620,0.960,0.351
1253,2021,Bremen,Hastedt,hard coal,598004.000,272800.350,0.574,696256.000,635072.338,61183.662,1.062,0.317
1253,2022,Bremen,Hastedt,hard coal,681203.000,299191.585,0.653,719066.000,651963.311,67102.689,0.957,0.352
1312,2016,Herne,Herne,hard coal,1600813.421,833692.036,0.397,2173726.000,1986745.550,186980.450,1.241,0.271
1312,2017,Herne,Herne,hard coal,1329850.000,833686.627,0.330,1531134.000,1344154.763,186979.237,1.011,0.333
1312,2018,Herne,Herne,hard coal,1245800.000,833693.780,0.309,1311527.000,1124546.159,186980.841,0.903,0.373
1312,2019,Herne,Herne,hard coal,1005968.000,833480.552,0.250,1132980.000,946046.982,186933.018,0.940,0.358
1312,2020,Herne,Herne,hard coal,730048.000,833431.427,0.181,851369.000,664446.999,186922.001,0.910,0.370
1312,2021,Herne,Herne,hard coal,1148183.000,899995.438,0.285,1250147.000,1048296.023,201850.977,0.913,0.369
1312,2022,Herne,Herne,hard coal,1549229.000,1316143.769,0.384,1658165.000,1362980.275,295184.725,0.880,0.383
1447,2016,Grossmehring,Ingolstadt,heavy fuel oil,35255.000,33803.712,0.005,41858.000,34276.503,7581.497,0.972,0.297
1447,2017,Grossmehring,Ingolstadt,heavy fuel oil,24431.000,33803.047,0.004,35940.000,28358.653,7581.347,1.161,0.249
1447,2018,Grossmehring,Ingolstadt,heavy fuel oil,7367.000,33803.926,0.001,18694.000,11112.455,7581.545,1.508,0.192
1447,2019,Grossmehring,Ingolstadt,heavy fuel oil,15109.000,33793.967,0.002,25532.000,17952.689,7579.311,1.188,0.243
1447,2020,Grossmehring,Ingolstadt,heavy fuel oil,3824.000,33781.525,0.001,13624.000,6047.480,7576.520,1.581,0.183
1447,2021,Grossmehring,Ingolstadt,heavy fuel oil,13613.000,0.000,0.002,27286.000,27286.000,0.000,2.004,0.144
1447,2022,Grossmehring,Ingolstadt,heavy fuel oil,0.000,0.000,0.000,42018.000,42018.000,0.000,,0.000
1456,2016,Peitz,Jaenschwalde,lignite,19949822.000,262381.391,0.760,23756337.000,23697490.102,58846.898,1.188,0.335
1456,2017,Peitz,Jaenschwalde,lignite,19622145.000,262378.276,0.747,23626776.000,23567929.800,58846.200,1.201,0.331
1456,2018,Peitz,Jaenschwalde,lignite,18912611.000,262382.395,0.720,22807073.000,22748225.876,58847.124,1.203,0.331
1456,2019,Peitz,Jaenschwalde,lignite,15104717.000,262304.703,0.575,17613703.000,17554873.301,58829.699,1.162,0.342
1456,2020,Peitz,Jaenschwalde,lignite,11685674.000,262283.645,0.445,13649542.000,13590717.024,58824.976,1.163,0.342
1456,2021,Peitz,Jaenschwalde,lignite,12950013.000,490261.347,0.493,15183517.000,15073561.185,109955.815,1.164,0.342
1456,2022,Peitz,Jaenschwalde,lignite,12506408.000,716896.192,0.476,15312823.000,15152037.522,160785.478,1.212,0.329
1064,2016,Mainz,Mainz-Wiesbaden,NG,1538012.661,,0.224,652344.000,,,,
1064,2017,Mainz,Mainz-Wiesbaden,NG,1686259.000,,0.245,633929.000,,,,
1064,2018,Mainz,Mainz-Wiesbaden,NG,1172314.000,,0.170,427894.000,,,,
1064,2019,Mainz,Mainz-Wiesbaden,NG,1978930.000,,0.288,735937.000,,,,
1064,2020,Mainz,Mainz-Wiesbaden,NG,2124117.000,,0.309,877892.000,,,,
1064,2021,Mainz,Mainz-Wiesbaden,NG,1213444.000,,0.176,503417.000,,,,
1064,2022,Mainz,Mainz-Wiesbaden,NG,1460862.000,,0.212,610629.000,,,,
1228,2016,Bremen,Mittelsbueren,BFG,1074012.000,,0.697,2845273.000,,,,
1228,2017,Bremen,Mittelsbueren,BFG,856763.000,,0.556,2322631.000,,,,
1228,2018,Bremen,Mittelsbueren,BFG,932359.000,,0.605,2481393.000,,,,
1228,2019,Bremen,Mittelsbueren,BFG,949545.000,,0.616,2463056.000,,,,
1228,2020,Bremen,Mittelsbueren,BFG,621071.000,,0.403,1751452.000,,,,
1228,2021,Bremen,Mittelsbueren,BFG,902825.000,,0.586,2519316.000,,,,
1228,2022,Bremen,Mittelsbueren,BFG,929126.000,,0.603,2473406.000,,,,
1318,2016,Voerde,Voerde,hard coal,4348854.000,,0.357,4487789.000,,,,
1318,2017,Voerde,Voerde,hard coal,1140029.000,,0.094,1045825.000,,,,
1318,2018,Voerde,Voerde,hard coal,0.000,,0.000,0.000,,,,
1318,2019,Voerde,Voerde,hard coal,0.000,,0.000,0.000,,,,
1318,2020,Voerde,Voerde,hard coal,0.000,,0.000,0.000,,,,
1318,2021,Voerde,Voerde,hard coal,0.000,,0.000,0.000,,,,
1318,2022,Voerde,Voerde,hard coal,0.000,,0.000,0.000,,,,
1464,2016,Walheim,Walheim,light fuel oil,17861.000,,0.015,57170.000,,,,
1464,2017,Walheim,Walheim,light fuel oil,30564.000,,0.026,74782.000,,,,
1464,2018,Walheim,Walheim,light fuel oil,23211.000,,0.019,46228.000,,,,
1464,2019,Walheim,Walheim,light fuel oil,15808.000,,0.013,39929.000,,,,
1464,2020,Walheim,Walheim,light fuel oil,15315.000,,0.013,42988.000,,,,
1464,2021,Walheim,Walheim,light fuel oil,32512.000,,0.027,77821.000,,,,
1464,2022,Walheim,Walheim,light fuel oil,30997.000,,0.026,144413.000,,,,
1317,2016,Duisburg,Walsum,hard coal,4784199.752,444317.575,0.499,4796896.000,4697244.454,99651.546,0.982,0.343
1317,2017,Duisburg,Walsum,hard coal,3428710.000,444324.320,0.357,3125023.000,3025369.941,99653.059,0.882,0.382
1317,2018,Duisburg,Walsum,hard coal,3641401.000,444315.399,0.380,3321056.000,3221404.942,99651.058,0.885,0.381
1317,2019,Duisburg,Walsum,hard coal,3328461.000,444200.150,0.347,3087344.000,2987718.790,99625.210,0.898,0.375
1317,2020,Duisburg,Walsum,hard coal,2081179.000,444165.740,0.217,2062745.000,1963127.508,99617.492,0.943,0.357
1317,2021,Duisburg,Walsum,hard coal,2387363.000,504262.178,0.249,2085544.000,1972448.079,113095.921,0.826,0.408
1317,2022,Duisburg,Walsum,hard coal,3198345.000,737377.328,0.333,2775858.000,2610479.013,165378.987,0.816,0.413
205778,2016,Wilhelmshaven,Wilhelmshaven (ENGIE),hard coal,1344793.000,,0.211,1069696.000,,,,
205778,2017,Wilhelmshaven,Wilhelmshaven (ENGIE),hard coal,2723961.000,,0.428,2114040.000,,,,
205778,2018,Wilhelmshaven,Wilhelmshaven (ENGIE),hard coal,158483.000,,0.025,1938111.000,,,,
205778,2019,Wilhelmshaven,Wilhelmshaven (ENGIE),hard coal,0.000,,0.000,1398848.000,,,,
205778,2020,Wilhelmshaven,Wilhelmshaven (ENGIE),hard coal,0.000,,0.000,553554.000,,,,
205778,2021,Wilhelmshaven,Wilhelmshaven (ENGIE),hard coal,0.000,,0.000,1920025.000,,,,
205778,2022,Wilhelmshaven,Wilhelmshaven (ENGIE),hard coal,0.000,,0.000,1686872.000,,,,
1384,2016,Hannover,Herrenhausen,NG,10444.000,0.000,0.012,15847.000,15847.000,0.000,1.517,0.132
1384,2017,Hannover,Herrenhausen,NG,2191.000,37748.312,0.003,20091.000,11624.809,8466.191,5.306,0.038
1384,2018,Hannover,Herrenhausen,NG,6148.000,75504.937,0.007,24981.000,8046.753,16934.247,1.309,0.154
1384,2019,Hannover,Herrenhausen,NG,3542.000,75488.832,0.004,18342.000,1411.365,16930.635,0.398,0.504
1384,2020,Hannover,Herrenhausen,NG,0.000,75496.530,0.000,14829.000,-2103.362,16932.362,,-0.000
1384,2021,Hannover,Herrenhausen,NG,888.000,,0.001,12439.000,,,,
1384,2022,Hannover,Herrenhausen,NG,194.000,,0.000,2661.000,,,,
939,2016,Mehrum,Mehrum,hard coal,1988710.000,,0.329,1757403.000,,,,
939,2017,Mehrum,Mehrum,hard coal,2187603.000,,0.362,1929983.000,,,,
939,2018,Mehrum,Mehrum,hard coal,2607831.000,,0.431,2319751.000,,,,
939,2019,Mehrum,Mehrum,hard coal,760756.000,,0.126,710340.000,,,,
939,2020,Mehrum,Mehrum,hard coal,919152.000,,0.152,835712.000,,,,
939,2021,Mehrum,Mehrum,hard coal,1016963.844,,0.168,875157.000,,,,
939,2022,Mehrum,Mehrum,hard coal,1058804.000,,0.175,1002356.000,,,,
209842,2016,Berlin,Lichterfelde,NG,312606.000,,0.061,31343.000,,,,
209842,2017,Berlin,Lichterfelde,NG,338359.000,,0.066,88666.000,,,,
209842,2018,Berlin,Lichterfelde,NG,222616.000,,0.043,236519.000,,,,
209842,2019,Berlin,Lichterfelde,NG,0.000,,0.000,365578.000,,,,
209842,2020,Berlin,Lichterfelde,NG,0.000,,0.000,410959.000,,,,
209842,2021,Berlin,Lichterfelde,NG,0.000,,0.000,579432.000,,,,
209842,2022,Berlin,Lichterfelde,NG,0.000,,0.000,514106.000,,,,
741,2016,Muenchen,Nord,hard coal,1561921.000,1833549.222,0.535,1827049.000,1415820.580,411228.420,0.906,0.372
741,2017,Muenchen,Nord,hard coal,1408925.000,1833549.154,0.483,1701489.000,1290260.596,411228.404,0.916,0.368
741,2018,Muenchen,Nord,hard coal,1109204.000,1833549.244,0.380,1346205.000,934976.575,411228.425,0.843,0.400
741,2019,Muenchen,Nord,hard coal,1118207.000,1833080.639,0.383,1462508.000,1051384.674,411123.326,0.940,0.358
741,2020,Muenchen,Nord,hard coal,597897.000,1832975.294,0.205,881022.000,469922.301,411099.699,0.786,0.429
741,2021,Muenchen,Nord,hard coal,656671.000,1979046.505,0.225,971094.000,527233.450,443860.550,0.803,0.419
741,2022,Muenchen,Nord,hard coal,872167.000,2894152.893,0.299,1194901.000,545800.389,649100.611,0.626,0.538
206180,2016,Hamburg,Moorburg,hard coal,6795925.000,,0.485,5547941.000,,,,
206180,2017,Hamburg,Moorburg,hard coal,7612709.000,,0.543,6157810.000,,,,
206180,2018,Hamburg,Moorburg,hard coal,7746220.000,,0.553,6247591.000,,,,
206180,2019,Hamburg,Moorburg,hard coal,5822113.000,,0.415,4740368.000,,,,
206180,2020,Hamburg,Moorburg,hard coal,1944587.000,,0.139,1551695.000,,,,
206180,2021,Hamburg,Moorburg,hard coal,73001.000,,0.005,90511.000,,,,
206180,2022,Hamburg,Moorburg,hard coal,0.000,,0.000,7065.000,,,,
1606,2016,Grevenbroich-Neurath,Neurath,lignite,25472064.000,14178.683,0.690,31321639.000,31318459.005,3179.995,1.230,0.331
1606,2017,Grevenbroich-Neurath,Neurath,lignite,27113409.000,13886.634,0.735,29900372.000,29897257.506,3114.494,1.103,0.370
1606,2018,Grevenbroich-Neurath,Neurath,lignite,29467344.000,13885.385,0.799,32156311.000,32153196.786,3114.214,1.091,0.373
1606,2019,Grevenbroich-Neurath,Neurath,lignite,20842499.000,13887.112,0.565,22596980.000,22593865.398,3114.602,1.084,0.376
1606,2020,Grevenbroich-Neurath,Neurath,lignite,17222434.000,13894.191,0.467,18671292.000,18668175.811,3116.189,1.084,0.376
1606,2021,Grevenbroich-Neurath,Neurath,lignite,20017999.000,151768.251,0.543,22075757.000,22041718.417,34038.583,1.101,0.370
1606,2022,Grevenbroich-Neurath,Neurath,lignite,22328755.000,221790.707,0.605,24223327.000,24173583.780,49743.220,1.083,0.376
1649,2016,Bergheim,Niederaussem,lignite,18931449.000,132899.714,0.636,24831148.000,24801341.252,29806.748,1.310,0.311
1649,2017,Bergheim,Niederaussem,lignite,23561920.000,132899.981,0.792,27173752.000,27143945.192,29806.808,1.152,0.354
1649,2018,Bergheim,Niederaussem,lignite,22517392.000,132899.628,0.756,25926554.000,25896747.272,29806.728,1.150,0.354
1649,2019,Bergheim,Niederaussem,lignite,16221573.000,132844.664,0.545,18425447.000,18395652.599,29794.401,1.134,0.359
1649,2020,Bergheim,Niederaussem,lignite,10183283.000,132844.308,0.342,11877613.000,11847818.679,29794.321,1.163,0.350
1649,2021,Bergheim,Niederaussem,lignite,14407540.000,805328.441,0.484,16105086.000,15924466.937,180619.063,1.105,0.369
1649,2022,Bergheim,Niederaussem,lignite,15149512.000,1177376.043,0.509,16995539.000,16731477.101,264061.899,1.104,0.369
1181,2016,Berlin,HKW Reuter,hard coal,354331.000,360161.678,0.326,414886.000,334108.939,80777.061,0.943,0.357
1181,2017,Berlin,HKW Reuter,hard coal,382769.000,360164.718,0.352,450537.000,369759.257,80777.743,0.966,0.349
1181,2018,Berlin,HKW Reuter,hard coal,203223.000,360160.697,0.187,216722.000,135945.159,80776.841,0.669,0.503
1181,2019,Berlin,HKW Reuter,hard coal,0.000,180032.297,0.000,0.000,-40377.644,40377.644,,-0.000
1181,2020,Berlin,HKW Reuter,hard coal,0.000,0.000,0.000,6111.000,6111.000,0.000,,0.000
1181,2021,Berlin,HKW Reuter,hard coal,0.000,18486.643,0.000,32820.000,28673.816,4146.184,,0.000
1181,2022,Berlin,HKW Reuter,hard coal,0.000,27038.221,0.000,53519.000,47454.868,6064.132,,0.000
1179,2016,Berlin,HKW Reuter-West,hard coal,2355713.000,2016286.483,0.477,2531294.000,2079081.268,452212.732,0.883,0.382
1179,2017,Berlin,HKW Reuter-West,hard coal,2258683.000,2016281.649,0.457,2491619.000,2039407.352,452211.648,0.903,0.373
1179,2018,Berlin,HKW Reuter-West,hard coal,2010171.000,2016288.042,0.407,2151083.000,1698869.918,452213.082,0.845,0.399
1179,2019,Berlin,HKW Reuter-West,hard coal,1369572.000,2015736.888,0.277,1577107.000,1125017.531,452089.469,0.821,0.410
1179,2020,Berlin,HKW Reuter-West,hard coal,1402755.000,2015609.880,0.284,1608847.000,1156786.016,452060.984,0.825,0.408
1179,2021,Berlin,HKW Reuter-West,hard coal,1308803.000,1978781.685,0.265,1564208.000,1120406.844,443801.156,0.856,0.393
1179,2022,Berlin,HKW Reuter-West,hard coal,1360448.000,2893674.631,0.275,1637895.000,988901.654,648993.346,0.727,0.463
1457,2016,Karlsruhe,Rheinhafen-Dampfkraftwerk,mixed,3430854.000,540572.888,0.230,2985790.000,2864550.313,121239.687,0.835,
1457,2017,Karlsruhe,Rheinhafen-Dampfkraftwerk,mixed,4830828.000,270304.376,0.324,3841547.000,3780923.135,60623.865,0.783,
1457,2018,Karlsruhe,Rheinhafen-Dampfkraftwerk,mixed,4636871.000,270326.862,0.311,3702300.000,3641671.091,60628.909,0.785,
1457,2019,Karlsruhe,Rheinhafen-Dampfkraftwerk,mixed,3285503.000,270269.320,0.221,2607039.000,2546422.997,60616.003,0.775,
1457,2020,Karlsruhe,Rheinhafen-Dampfkraftwerk,mixed,2502985.000,270304.992,0.168,2133670.000,2073045.996,60624.004,0.828,
1457,2021,Karlsruhe,Rheinhafen-Dampfkraftwerk,mixed,4938494.000,219236.955,0.332,4156873.000,4107702.536,49170.464,0.832,
1457,2022,Karlsruhe,Rheinhafen-Dampfkraftwerk,mixed,5556132.000,320736.245,0.373,4764061.000,4692126.275,71934.725,0.844,
1376,2016,Schkopau,Schkopau,lignite,4270956.000,1037897.542,0.542,5132962.000,4900182.339,232779.661,1.147,0.324
1376,2017,Schkopau,Schkopau,lignite,4314242.000,1037897.714,0.547,5502113.000,5269333.301,232779.699,1.221,0.304
1376,2018,Schkopau,Schkopau,lignite,4905241.000,1037897.536,0.622,6058441.000,5825661.341,232779.659,1.188,0.313
1376,2019,Schkopau,Schkopau,lignite,2904302.000,1037874.213,0.368,3773318.000,3540543.572,232774.428,1.219,0.305
1376,2020,Schkopau,Schkopau,lignite,2083361.000,1037872.385,0.264,2970535.000,2737760.982,232774.018,1.314,0.283
1376,2021,Schkopau,Schkopau,lignite,3265894.000,734519.148,0.414,4409079.000,4244341.046,164737.954,1.300,0.286
1376,2022,Schkopau,Schkopau,lignite,3184921.000,751402.360,0.404,4387507.000,4218982.479,168524.521,1.325,0.281
1205,2016,Gelsenkirchen,Scholven,hard coal,2886426.000,1253401.429,0.478,4242313.000,3961200.128,281112.872,1.372,0.245
1205,2017,Gelsenkirchen,Scholven,hard coal,3224370.000,1237801.714,0.533,4300742.000,4023127.832,277614.168,1.248,0.270
1205,2018,Gelsenkirchen,Scholven,hard coal,3113297.000,1237897.210,0.515,4279504.000,4001868.414,277635.586,1.285,0.262
1205,2019,Gelsenkirchen,Scholven,hard coal,2862798.000,1237684.437,0.474,4063828.000,3786240.135,277587.865,1.323,0.255
1205,2020,Gelsenkirchen,Scholven,hard coal,2257705.000,1237780.918,0.374,3448243.000,3170633.496,277609.504,1.404,0.240
1205,2021,Gelsenkirchen,Scholven,hard coal,1899524.000,1263973.828,0.314,3090611.000,2807126.950,283484.050,1.478,0.228
1205,2022,Gelsenkirchen,Scholven,hard coal,1937659.000,1849207.763,0.321,3114331.000,2699590.683,414740.317,1.393,0.242
1459,2016,Spremberg,Schwarze Pumpe,lignite,10907730.000,1638904.391,0.825,12199320.000,11831746.523,367573.477,1.085,0.367
1459,2017,Spremberg,Schwarze Pumpe,lignite,10096315.000,1638904.778,0.763,11386251.000,11018677.436,367573.564,1.091,0.365
1459,2018,Spremberg,Schwarze Pumpe,lignite,11031624.000,1638904.377,0.834,12374048.000,12006474.526,367573.474,1.088,0.366
1459,2019,Spremberg,Schwarze Pumpe,lignite,9346763.000,1638856.612,0.707,10478943.000,10111380.239,367562.761,1.082,0.368
1459,2020,Spremberg,Schwarze Pumpe,lignite,9052340.000,1638852.508,0.684,10285717.000,9918155.159,367561.841,1.096,0.363
1459,2021,Spremberg,Schwarze Pumpe,lignite,10372158.000,1782804.083,0.784,11834111.000,11434263.700,399847.300,1.102,0.361
1459,2022,Spremberg,Schwarze Pumpe,lignite,8094773.000,1829284.902,0.612,9570636.000,9160363.982,410272.018,1.132,0.352
1876,2016,Grosskotzenburg,Staudinger,hard coal,2800953.000,276228.641,0.282,2427352.000,2365399.440,61952.560,0.844,0.399
1876,2017,Grosskotzenburg,Staudinger,hard coal,2189196.000,276230.628,0.221,1889339.000,1827385.995,61953.005,0.835,0.403
1876,2018,Grosskotzenburg,Staudinger,hard coal,1838748.000,276228.114,0.185,1583274.000,1521321.559,61952.441,0.827,0.407
1876,2019,Grosskotzenburg,Staudinger,hard coal,1291073.000,276172.004,0.130,1151748.000,1089808.143,61939.857,0.844,0.399
1876,2020,Grosskotzenburg,Staudinger,hard coal,1036335.000,276156.060,0.105,924225.000,862288.719,61936.281,0.832,0.405
1876,2021,Grosskotzenburg,Staudinger,hard coal,1126562.000,173672.920,0.114,1012282.000,973330.638,38951.362,0.864,0.390
1876,2022,Grosskotzenburg,Staudinger,hard coal,2320683.000,223958.366,0.234,2094305.000,2044075.618,50229.382,0.881,0.382
951,2016,Hamburg,Tiefstack,mixed,1306818.000,1691063.863,0.472,1296112.000,916840.197,379271.803,0.702,
951,2017,Hamburg,Tiefstack,mixed,1251055.000,1691062.053,0.452,1213337.000,834065.603,379271.397,0.667,
951,2018,Hamburg,Tiefstack,mixed,936535.000,1691064.447,0.338,1174604.000,795332.066,379271.934,0.849,
951,2019,Hamburg,Tiefstack,mixed,791077.000,1690618.247,0.286,1069564.000,690392.140,379171.860,0.873,
951,2020,Hamburg,Tiefstack,mixed,798248.000,1690520.414,0.288,1115818.000,736668.082,379149.918,0.923,
951,2021,Hamburg,Tiefstack,mixed,842350.000,1860829.067,0.304,1122807.000,705460.257,417346.743,0.837,
951,2022,Hamburg,Tiefstack,mixed,952636.000,2721218.886,0.344,1213015.000,602700.028,610314.972,0.633,
2195,2016,Hamm,Trianel GKW Hamm-Uentrop,NG,1274850.000,,0.171,525549.000,,,,
2195,2017,Hamm,Trianel GKW Hamm-Uentrop,NG,1155915.000,,0.155,433954.000,,,,
2195,2018,Hamm,Trianel GKW Hamm-Uentrop,NG,884834.000,,0.119,331652.000,,,,
2195,2019,Hamm,Trianel GKW Hamm-Uentrop,NG,1753710.000,,0.236,640476.000,,,,
2195,2020,Hamm,Trianel GKW Hamm-Uentrop,NG,2455782.000,,0.330,895498.000,,,,
2195,2021,Hamm,Trianel GKW Hamm-Uentrop,NG,1405754.000,,0.189,524952.000,,,,
2195,2022,Hamm,Trianel GKW Hamm-Uentrop,NG,1357174.000,,0.182,522250.000,,,,
4166,2016,Luenen,Trianel KKW Luenen,hard coal,3964960.000,,0.607,3428828.000,,,,
4166,2017,Luenen,Trianel KKW Luenen,hard coal,3283987.000,,0.503,2647439.000,,,,
4166,2018,Luenen,Trianel KKW Luenen,hard coal,4018796.000,,0.615,3185740.000,,,,
4166,2019,Luenen,Trianel KKW Luenen,hard coal,3343561.000,,0.512,2712497.000,,,,
4166,2020,Luenen,Trianel KKW Luenen,hard coal,1637333.000,,0.251,1329736.000,,,,
4166,2021,Luenen,Trianel KKW Luenen,hard coal,3832813.000,,0.587,3071500.000,,,,
4166,2022,Luenen,Trianel KKW Luenen,hard coal,3830324.000,,0.586,3111145.000,,,,
889,2016,Voelklingen-Fenne,Voelklingen-Fenne,hard coal,666026.231,466399.182,0.360,870263.000,765658.991,104604.009,1.150,0.293
889,2017,Voelklingen-Fenne,Voelklingen-Fenne,hard coal,618058.000,466394.210,0.334,678991.000,574388.107,104602.893,0.929,0.362
889,2018,Voelklingen-Fenne,Voelklingen-Fenne,hard coal,562011.000,466400.046,0.304,646315.000,541710.798,104604.202,0.964,0.349
889,2019,Voelklingen-Fenne,Voelklingen-Fenne,hard coal,297456.000,350894.898,0.161,377923.000,299224.292,78698.708,1.006,0.335
889,2020,Voelklingen-Fenne,Voelklingen-Fenne,hard coal,343147.000,181639.282,0.186,434753.000,394014.942,40738.058,1.148,0.293
889,2021,Voelklingen-Fenne,Voelklingen-Fenne,hard coal,331367.000,75126.538,0.179,335026.000,318176.620,16849.380,0.960,0.351
889,2022,Voelklingen-Fenne,Voelklingen-Fenne,hard coal,581239.000,85629.326,0.314,584481.000,565276.055,19204.945,0.973,0.346
851,2016,Voelklingen-Fenne,Voelklingen-Fenne,hard coal,513808.545,141588.817,0.328,622224.000,590468.460,31755.540,1.149,0.293
851,2017,Voelklingen-Fenne,Voelklingen-Fenne,hard coal,344419.000,141588.791,0.220,367193.000,335437.466,31755.534,0.974,0.346
851,2018,Voelklingen-Fenne,Voelklingen-Fenne,hard coal,336705.000,141588.822,0.215,367877.000,336121.459,31755.541,0.998,0.337
851,2019,Voelklingen-Fenne,Voelklingen-Fenne,hard coal,206073.000,106795.589,0.131,270830.000,246877.885,23952.115,1.198,0.281
851,2020,Voelklingen-Fenne,Voelklingen-Fenne,hard coal,129314.000,283126.954,0.082,158047.000,94547.287,63499.713,0.731,0.461
851,2021,Voelklingen-Fenne,Voelklingen-Fenne,hard coal,304729.000,79990.859,0.194,311574.000,293633.650,17940.350,0.964,0.350
851,2022,Voelklingen-Fenne,Voelklingen-Fenne,hard coal,449355.000,91046.255,0.287,445877.000,425457.146,20419.854,0.947,0.356
952,2016,Wedel,Wedel,hard coal,1138731.000,1360104.923,0.520,1327551.000,1022506.668,305044.332,0.898,0.375
952,2017,Wedel,Wedel,hard coal,913667.000,1360105.242,0.417,1136524.000,831479.596,305044.404,0.910,0.370
952,2018,Wedel,Wedel,hard coal,903455.000,1360104.821,0.413,1169353.000,864308.691,305044.309,0.957,0.352
952,2019,Wedel,Wedel,hard coal,277045.000,1359728.020,0.127,1111507.000,806547.200,304959.800,2.911,0.116
952,2020,Wedel,Wedel,hard coal,0.000,1359642.653,0.000,1090978.000,786037.346,304940.654,,0.000
952,2021,Wedel,Wedel,hard coal,563869.000,1464206.092,0.257,1038938.000,710545.858,328392.142,1.260,0.267
952,2022,Wedel,Wedel,hard coal,1043392.000,2141134.715,0.476,1269477.000,789263.306,480213.694,0.756,0.445
845,2016,Querschied,Weiher,hard coal,1188773.041,,0.207,1355318.000,,,,
845,2017,Querschied,Weiher,hard coal,411538.000,,0.072,408420.000,,,,
845,2018,Querschied,Weiher,hard coal,17208.000,,0.003,24624.000,,,,
845,2019,Querschied,Weiher,hard coal,37646.000,,0.007,47980.000,,,,
845,2020,Querschied,Weiher,hard coal,63099.000,,0.011,73995.000,,,,
845,2021,Querschied,Weiher,hard coal,74852.000,,0.013,95403.000,,,,
845,2022,Querschied,Weiher,hard coal,328566.000,,0.057,329586.000,,,,
1607,2016,Eschweiler-Weisweiler,Weisweiler,mixed,13328467.000,,0.644,18745560.000,,,,
1607,2017,Eschweiler-Weisweiler,Weisweiler,mixed,15226622.000,,0.736,18945349.000,,,,
1607,2018,Eschweiler-Weisweiler,Weisweiler,mixed,13216111.000,,0.638,16786258.000,,,,
1607,2019,Eschweiler-Weisweiler,Weisweiler,mixed,10692416.000,,0.517,13297450.000,,,,
1607,2020,Eschweiler-Weisweiler,Weisweiler,mixed,9742444.000,,0.471,11473822.000,,,,
1607,2021,Eschweiler-Weisweiler,Weisweiler,mixed,11519288.000,,0.556,14490547.000,,,,
1607,2022,Eschweiler-Weisweiler,Weisweiler,mixed,12111807.000,,0.585,14926309.000,,,,
1474,2016,Hamm-Uentrop,Westfalen,hard coal,3808807.000,,0.429,255272.000,,,,
1474,2017,Hamm-Uentrop,Westfalen,hard coal,3445223.000,,0.388,0.000,,,,
1474,2018,Hamm-Uentrop,Westfalen,hard coal,3856196.000,,0.434,0.000,,,,
1474,2019,Hamm-Uentrop,Westfalen,hard coal,2207103.000,,0.248,0.000,,,,
1474,2020,Hamm-Uentrop,Westfalen,hard coal,1715558.000,,0.193,,,,,
1474,2021,Hamm-Uentrop,Westfalen,hard coal,119385.000,,0.013,,,,,
1474,2022,Hamm-Uentrop,Westfalen,hard coal,0.000,,0.000,0.000,,,,
963,2016,Zolling,Zolling-Leininger,hard coal,1892349.000,,0.458,1639527.000,,,,
963,2017,Zolling,Zolling-Leininger,hard coal,1755619.000,,0.425,1502946.000,,,,
963,2018,Zolling,Zolling-Leininger,hard coal,1444906.000,,0.349,1237777.000,,,,
963,2019,Zolling,Zolling-Leininger,hard coal,1047310.000,,0.253,929686.000,,,,
963,2020,Zolling,Zolling-Leininger,hard coal,931434.000,,0.225,848136.000,,,,
963,2021,Zolling,Zolling-Leininger,hard coal,1621570.000,,0.392,1378945.000,,,,
963,2022,Zolling,Zolling-Leininger,hard coal,1613056.000,,0.390,1411172.000,,,,
1194,2016,Berlin,Mitte,NG,,1958536.792,,872230.000,432969.368,439260.632,,
1194,2017,Berlin,Mitte,NG,,1958535.277,,974109.000,534848.708,439260.292,,
1194,2018,Berlin,Mitte,NG,,1958537.281,,935834.000,496573.259,439260.741,,
1194,2019,Berlin,Mitte,NG,,1957995.773,,935432.000,496292.708,439139.292,,
1194,2020,Berlin,Mitte,NG,,1957886.702,,824739.000,385624.171,439114.829,,
1194,2021,Berlin,Mitte,NG,,2446471.258,,832446.000,283751.426,548694.574,,
1194,2022,Berlin,Mitte,NG,,3577586.816,,627240.000,-175141.171,802381.171,,
